23:05:2018 15:53:26:860,0
23:05:2018 15:53:26:860,0
23:05:2018 15:53:26:860,0
23:05:2018 15:53:26:910,0
23:05:2018 15:53:26:960,0
23:05:2018 15:53:27:010,0
23:05:2018 15:53:27:060,0
23:05:2018 15:53:27:110,0
23:05:2018 15:53:27:160,0
23:05:2018 15:53:27:210,0
23:05:2018 15:53:27:260,0
23:05:2018 15:53:27:310,0
23:05:2018 15:53:27:360,0
23:05:2018 15:53:27:410,0
23:05:2018 15:53:27:460,0
23:05:2018 15:53:27:510,0
23:05:2018 15:53:27:560,0
23:05:2018 15:53:27:610,0
23:05:2018 15:53:27:660,0
23:05:2018 15:53:27:710,0
23:05:2018 15:53:27:760,0
23:05:2018 15:53:27:810,0
23:05:2018 15:53:27:860,0
23:05:2018 15:53:27:910,0
23:05:2018 15:53:27:960,0
23:05:2018 15:53:28:010,0
23:05:2018 15:53:28:060,0
23:05:2018 15:53:28:110,0
23:05:2018 15:53:28:160,0
23:05:2018 15:53:28:210,0
23:05:2018 15:53:28:260,0
23:05:2018 15:53:28:310,0
23:05:2018 15:53:28:360,0
23:05:2018 15:53:28:410,0
23:05:2018 15:53:28:460,0
23:05:2018 15:53:28:510,0
23:05:2018 15:53:28:560,0
23:05:2018 15:53:28:610,0
23:05:2018 15:53:28:660,0
23:05:2018 15:53:28:710,0
23:05:2018 15:53:28:760,0
23:05:2018 15:53:28:810,0
23:05:2018 15:53:28:860,0
23:05:2018 15:53:28:910,0
23:05:2018 15:53:28:960,0
23:05:2018 15:53:29:010,0
23:05:2018 15:53:29:060,0
23:05:2018 15:53:29:110,0
23:05:2018 15:53:29:160,0
23:05:2018 15:53:29:210,0
23:05:2018 15:53:29:260,0
23:05:2018 15:53:29:310,0
23:05:2018 15:53:29:360,0
23:05:2018 15:53:29:410,0
23:05:2018 15:53:29:460,0
23:05:2018 15:53:29:510,0
23:05:2018 15:53:29:560,0
23:05:2018 15:53:29:610,0
23:05:2018 15:53:29:660,0
23:05:2018 15:53:29:710,0
23:05:2018 15:53:29:760,0
23:05:2018 15:53:29:810,0
23:05:2018 15:53:29:860,0
23:05:2018 15:53:29:910,0
23:05:2018 15:53:29:960,0
23:05:2018 15:53:30:010,0
23:05:2018 15:53:30:060,0
23:05:2018 15:53:30:110,0
23:05:2018 15:53:30:160,0
23:05:2018 15:53:30:210,0
23:05:2018 15:53:30:260,0
23:05:2018 15:53:30:310,0
23:05:2018 15:53:30:360,0
23:05:2018 15:53:30:410,0
23:05:2018 15:53:30:460,0
23:05:2018 15:53:30:510,0
23:05:2018 15:53:30:560,0
23:05:2018 15:53:30:610,0
23:05:2018 15:53:30:660,0
23:05:2018 15:53:30:710,0
23:05:2018 15:53:30:760,0
23:05:2018 15:53:30:810,0
23:05:2018 15:53:30:860,0
23:05:2018 15:53:30:910,0
23:05:2018 15:53:30:960,0
23:05:2018 15:53:31:010,0
23:05:2018 15:53:31:060,0
23:05:2018 15:53:31:110,0
23:05:2018 15:53:31:160,0
23:05:2018 15:53:31:210,0
23:05:2018 15:53:31:260,0
23:05:2018 15:53:31:310,0
23:05:2018 15:53:31:360,0
23:05:2018 15:53:31:410,0
23:05:2018 15:53:31:460,0
23:05:2018 15:53:31:510,0
23:05:2018 15:53:31:560,0
23:05:2018 15:53:31:610,0
23:05:2018 15:53:31:660,0
23:05:2018 15:53:31:710,0
23:05:2018 15:53:31:760,0
23:05:2018 15:53:31:810,0
23:05:2018 15:53:31:860,0
23:05:2018 15:53:31:910,0
23:05:2018 15:53:31:960,0
23:05:2018 15:53:32:010,0
23:05:2018 15:53:32:060,0
23:05:2018 15:53:32:110,0
23:05:2018 15:53:32:160,0
23:05:2018 15:53:32:210,0
23:05:2018 15:53:32:260,0
23:05:2018 15:53:32:310,0
23:05:2018 15:53:32:360,0
23:05:2018 15:53:32:410,0
23:05:2018 15:53:32:460,0
23:05:2018 15:53:32:510,0
23:05:2018 15:53:32:560,0
23:05:2018 15:53:32:610,0
23:05:2018 15:53:32:660,0
23:05:2018 15:53:32:710,0
23:05:2018 15:53:32:760,0
23:05:2018 15:53:32:810,0
23:05:2018 15:53:32:860,0
23:05:2018 15:53:32:910,0
23:05:2018 15:53:32:960,0
23:05:2018 15:53:33:010,0
23:05:2018 15:53:33:060,0
23:05:2018 15:53:33:110,0
23:05:2018 15:53:33:160,0
23:05:2018 15:53:33:210,0
23:05:2018 15:53:33:288,0
23:05:2018 15:53:33:288,9.375
23:05:2018 15:53:33:320,9.375
23:05:2018 15:53:33:320,19.5
23:05:2018 15:53:33:336,19.5
23:05:2018 15:53:33:336,32.125
23:05:2018 15:53:33:352,32.125
23:05:2018 15:53:33:352,44.6875
23:05:2018 15:53:33:368,44.6875
23:05:2018 15:53:33:368,55.875
23:05:2018 15:53:33:384,55.875
23:05:2018 15:53:33:384,64
23:05:2018 15:53:33:400,64
23:05:2018 15:53:33:400,69.9375
23:05:2018 15:53:33:416,69.9375
23:05:2018 15:53:33:416,72.8125
23:05:2018 15:53:33:432,72.8125
23:05:2018 15:53:33:432,77.625
23:05:2018 15:53:33:448,77.625
23:05:2018 15:53:33:448,74.6875
23:05:2018 15:53:33:464,74.6875
23:05:2018 15:53:33:464,75.625
23:05:2018 15:53:33:480,75.625
23:05:2018 15:53:33:480,82.5
23:05:2018 15:53:33:496,82.5
23:05:2018 15:53:33:496,81
23:05:2018 15:53:33:512,81
23:05:2018 15:53:33:512,78.625
23:05:2018 15:53:33:528,78.625
23:05:2018 15:53:33:528,80.875
23:05:2018 15:53:33:544,80.875
23:05:2018 15:53:33:544,82.5
23:05:2018 15:53:33:560,82.5
23:05:2018 15:53:33:560,82.5625
23:05:2018 15:53:33:576,82.5625
23:05:2018 15:53:33:576,81.3125
23:05:2018 15:53:33:593,81.3125
23:05:2018 15:53:33:593,80.1875
23:05:2018 15:53:33:625,80.1875
23:05:2018 15:53:33:625,81.125
23:05:2018 15:53:33:641,81.125
23:05:2018 15:53:33:641,81.75
23:05:2018 15:53:33:657,81.75
23:05:2018 15:53:33:657,82.5
23:05:2018 15:53:33:689,82.5
23:05:2018 15:53:33:689,55.625
23:05:2018 15:53:33:705,55.625
23:05:2018 15:53:33:705,46.5
23:05:2018 15:53:33:721,46.5
23:05:2018 15:53:33:721,37.625
23:05:2018 15:53:33:737,37.625
23:05:2018 15:53:33:737,30.25
23:05:2018 15:53:33:753,30.25
23:05:2018 15:53:33:753,25
23:05:2018 15:53:33:769,25
23:05:2018 15:53:33:769,20.6875
23:05:2018 15:53:33:785,20.6875
23:05:2018 15:53:33:785,17.625
23:05:2018 15:53:33:801,17.625
23:05:2018 15:53:33:801,12.5
23:05:2018 15:53:33:817,12.5
23:05:2018 15:53:33:817,7.625
23:05:2018 15:53:33:833,7.625
23:05:2018 15:53:33:833,3.125
23:05:2018 15:53:33:849,3.125
23:05:2018 15:53:33:849,0
23:05:2018 15:53:33:849,0
23:05:2018 15:53:33:899,0
23:05:2018 15:53:33:949,0
23:05:2018 15:53:33:999,0
23:05:2018 15:53:34:049,0
23:05:2018 15:53:34:099,0
23:05:2018 15:53:34:149,0
23:05:2018 15:53:34:199,0
23:05:2018 15:53:34:249,0
23:05:2018 15:53:34:299,0
23:05:2018 15:53:34:349,0
23:05:2018 15:53:34:404,0
23:05:2018 15:53:34:404,15.875
23:05:2018 15:53:34:420,15.875
23:05:2018 15:53:34:420,33.0625
23:05:2018 15:53:34:436,33.0625
23:05:2018 15:53:34:436,50.1875
23:05:2018 15:53:34:452,50.1875
23:05:2018 15:53:34:452,68
23:05:2018 15:53:34:468,68
23:05:2018 15:53:34:468,77.8125
23:05:2018 15:53:34:484,77.8125
23:05:2018 15:53:34:484,90.125
23:05:2018 15:53:34:500,90.125
23:05:2018 15:53:34:500,97.4375
23:05:2018 15:53:34:516,97.4375
23:05:2018 15:53:34:516,103.5
23:05:2018 15:53:34:532,103.5
23:05:2018 15:53:34:532,108.75
23:05:2018 15:53:34:548,108.75
23:05:2018 15:53:34:548,112.4375
23:05:2018 15:53:34:564,112.4375
23:05:2018 15:53:34:564,115.3125
23:05:2018 15:53:34:580,115.3125
23:05:2018 15:53:34:580,116.5625
23:05:2018 15:53:34:596,116.5625
23:05:2018 15:53:34:596,118.3125
23:05:2018 15:53:34:612,118.3125
23:05:2018 15:53:34:612,118.75
23:05:2018 15:53:34:628,118.75
23:05:2018 15:53:34:628,118.4375
23:05:2018 15:53:34:644,118.4375
23:05:2018 15:53:34:644,119.875
23:05:2018 15:53:34:660,119.875
23:05:2018 15:53:34:660,120.25
23:05:2018 15:53:34:676,120.25
23:05:2018 15:53:34:676,117.5
23:05:2018 15:53:34:692,117.5
23:05:2018 15:53:34:692,114.625
23:05:2018 15:53:34:709,114.625
23:05:2018 15:53:34:709,118.3125
23:05:2018 15:53:34:725,118.3125
23:05:2018 15:53:34:725,121.1875
23:05:2018 15:53:34:741,121.1875
23:05:2018 15:53:34:741,119.0625
23:05:2018 15:53:34:757,119.0625
23:05:2018 15:53:34:757,116.5625
23:05:2018 15:53:34:773,116.5625
23:05:2018 15:53:34:773,117.8125
23:05:2018 15:53:34:789,117.8125
23:05:2018 15:53:34:789,118
23:05:2018 15:53:34:805,118
23:05:2018 15:53:34:805,118.625
23:05:2018 15:53:34:821,118.625
23:05:2018 15:53:34:821,119.3125
23:05:2018 15:53:34:853,119.3125
23:05:2018 15:53:34:853,117.8125
23:05:2018 15:53:34:869,117.8125
23:05:2018 15:53:34:869,117
23:05:2018 15:53:34:885,117
23:05:2018 15:53:34:885,118.5
23:05:2018 15:53:34:901,118.5
23:05:2018 15:53:34:901,117.625
23:05:2018 15:53:34:917,117.625
23:05:2018 15:53:34:917,62.0625
23:05:2018 15:53:34:933,62.0625
23:05:2018 15:53:34:933,74.0625
23:05:2018 15:53:34:949,74.0625
23:05:2018 15:53:34:949,63.25
23:05:2018 15:53:34:965,63.25
23:05:2018 15:53:34:965,54.5625
23:05:2018 15:53:34:981,54.5625
23:05:2018 15:53:34:981,48
23:05:2018 15:53:34:997,48
23:05:2018 15:53:34:997,38.25
23:05:2018 15:53:35:014,38.25
23:05:2018 15:53:35:014,28.25
23:05:2018 15:53:35:030,28.25
23:05:2018 15:53:35:030,24.75
23:05:2018 15:53:35:046,24.75
23:05:2018 15:53:35:046,20.25
23:05:2018 15:53:35:062,20.25
23:05:2018 15:53:35:062,15.25
23:05:2018 15:53:35:078,15.25
23:05:2018 15:53:35:078,11.25
23:05:2018 15:53:35:094,11.25
23:05:2018 15:53:35:094,5.375
23:05:2018 15:53:35:110,5.375
23:05:2018 15:53:35:110,0
23:05:2018 15:53:35:110,0
23:05:2018 15:53:35:160,0
23:05:2018 15:53:35:210,0
23:05:2018 15:53:35:260,0
23:05:2018 15:53:35:310,0
23:05:2018 15:53:35:360,0
23:05:2018 15:53:35:410,0
23:05:2018 15:53:35:460,0
23:05:2018 15:53:35:510,0
23:05:2018 15:53:35:560,0
23:05:2018 15:53:35:610,0
23:05:2018 15:53:35:660,0
23:05:2018 15:53:35:710,0
23:05:2018 15:53:35:760,0
23:05:2018 15:53:35:810,0
23:05:2018 15:53:35:860,0
23:05:2018 15:53:35:910,0
23:05:2018 15:53:35:960,0
23:05:2018 15:53:36:025,0
23:05:2018 15:53:36:025,25.1875
23:05:2018 15:53:36:041,25.1875
23:05:2018 15:53:36:041,46.625
23:05:2018 15:53:36:057,46.625
23:05:2018 15:53:36:057,76.0625
23:05:2018 15:53:36:073,76.0625
23:05:2018 15:53:36:073,93.125
23:05:2018 15:53:36:089,93.125
23:05:2018 15:53:36:089,106.8125
23:05:2018 15:53:36:105,106.8125
23:05:2018 15:53:36:105,120.0625
23:05:2018 15:53:36:121,120.0625
23:05:2018 15:53:36:121,127.5
23:05:2018 15:53:36:137,127.5
23:05:2018 15:53:36:137,132.125
23:05:2018 15:53:36:153,132.125
23:05:2018 15:53:36:153,137.3125
23:05:2018 15:53:36:169,137.3125
23:05:2018 15:53:36:169,141.8125
23:05:2018 15:53:36:185,141.8125
23:05:2018 15:53:36:185,143.0625
23:05:2018 15:53:36:201,143.0625
23:05:2018 15:53:36:201,146.5625
23:05:2018 15:53:36:217,146.5625
23:05:2018 15:53:36:217,147.125
23:05:2018 15:53:36:233,147.125
23:05:2018 15:53:36:233,147.375
23:05:2018 15:53:36:249,147.375
23:05:2018 15:53:36:249,148.1875
23:05:2018 15:53:36:265,148.1875
23:05:2018 15:53:36:265,149.4375
23:05:2018 15:53:36:281,149.4375
23:05:2018 15:53:36:281,150.875
23:05:2018 15:53:36:297,150.875
23:05:2018 15:53:36:297,152.875
23:05:2018 15:53:36:314,152.875
23:05:2018 15:53:36:314,153.75
23:05:2018 15:53:36:330,153.75
23:05:2018 15:53:36:330,152.375
23:05:2018 15:53:36:346,152.375
23:05:2018 15:53:36:346,153
23:05:2018 15:53:36:362,153
23:05:2018 15:53:36:362,153.125
23:05:2018 15:53:36:378,153.125
23:05:2018 15:53:36:378,152.75
23:05:2018 15:53:36:410,152.75
23:05:2018 15:53:36:410,154.0625
23:05:2018 15:53:36:426,154.0625
23:05:2018 15:53:36:426,154.5
23:05:2018 15:53:36:442,154.5
23:05:2018 15:53:36:442,153.3125
23:05:2018 15:53:36:458,153.3125
23:05:2018 15:53:36:458,152.125
23:05:2018 15:53:36:474,152.125
23:05:2018 15:53:36:474,153.375
23:05:2018 15:53:36:506,153.375
23:05:2018 15:53:36:506,72.5
23:05:2018 15:53:36:522,72.5
23:05:2018 15:53:36:522,80.875
23:05:2018 15:53:36:538,80.875
23:05:2018 15:53:36:538,78.625
23:05:2018 15:53:36:554,78.625
23:05:2018 15:53:36:554,67.1875
23:05:2018 15:53:36:570,67.1875
23:05:2018 15:53:36:570,55.875
23:05:2018 15:53:36:586,55.875
23:05:2018 15:53:36:586,49.375
23:05:2018 15:53:36:602,49.375
23:05:2018 15:53:36:602,40.6875
23:05:2018 15:53:36:618,40.6875
23:05:2018 15:53:36:618,30.75
23:05:2018 15:53:36:634,30.75
23:05:2018 15:53:36:634,25.9375
23:05:2018 15:53:36:650,25.9375
23:05:2018 15:53:36:650,21.1875
23:05:2018 15:53:36:666,21.1875
23:05:2018 15:53:36:666,17.0625
23:05:2018 15:53:36:683,17.0625
23:05:2018 15:53:36:683,11.25
23:05:2018 15:53:36:699,11.25
23:05:2018 15:53:36:699,10.3125
23:05:2018 15:53:36:715,10.3125
23:05:2018 15:53:36:715,0
23:05:2018 15:53:36:715,0
23:05:2018 15:53:36:765,0
23:05:2018 15:53:36:815,0
23:05:2018 15:53:36:907,0
23:05:2018 15:53:36:907,3.125
23:05:2018 15:53:36:923,3.125
23:05:2018 15:53:36:923,105.3125
23:05:2018 15:53:36:939,105.3125
23:05:2018 15:53:36:939,83.125
23:05:2018 15:53:36:955,83.125
23:05:2018 15:53:36:955,101.75
23:05:2018 15:53:36:971,101.75
23:05:2018 15:53:36:971,110.25
23:05:2018 15:53:36:987,110.25
23:05:2018 15:53:36:987,114.8125
23:05:2018 15:53:37:003,114.8125
23:05:2018 15:53:37:003,118.375
23:05:2018 15:53:37:019,118.375
23:05:2018 15:53:37:019,123.1875
23:05:2018 15:53:37:035,123.1875
23:05:2018 15:53:37:035,126.375
23:05:2018 15:53:37:051,126.375
23:05:2018 15:53:37:051,128.9375
23:05:2018 15:53:37:067,128.9375
23:05:2018 15:53:37:067,130.6875
23:05:2018 15:53:37:084,130.6875
23:05:2018 15:53:37:084,131.0625
23:05:2018 15:53:37:100,131.0625
23:05:2018 15:53:37:100,131.625
23:05:2018 15:53:37:116,131.625
23:05:2018 15:53:37:116,132.0625
23:05:2018 15:53:37:132,132.0625
23:05:2018 15:53:37:132,132.75
23:05:2018 15:53:37:148,132.75
23:05:2018 15:53:37:148,132.875
23:05:2018 15:53:37:164,132.875
23:05:2018 15:53:37:164,132.25
23:05:2018 15:53:37:196,132.25
23:05:2018 15:53:37:196,133.75
23:05:2018 15:53:37:212,133.75
23:05:2018 15:53:37:212,132.25
23:05:2018 15:53:37:228,132.25
23:05:2018 15:53:37:228,130.5
23:05:2018 15:53:37:276,130.5
23:05:2018 15:53:37:276,130.125
23:05:2018 15:53:37:292,130.125
23:05:2018 15:53:37:292,141.9375
23:05:2018 15:53:37:308,141.9375
23:05:2018 15:53:37:308,139.5625
23:05:2018 15:53:37:324,139.5625
23:05:2018 15:53:37:324,138.375
23:05:2018 15:53:37:340,138.375
23:05:2018 15:53:37:340,140.25
23:05:2018 15:53:37:356,140.25
23:05:2018 15:53:37:356,139.5
23:05:2018 15:53:37:372,139.5
23:05:2018 15:53:37:372,138.875
23:05:2018 15:53:37:388,138.875
23:05:2018 15:53:37:388,139.8125
23:05:2018 15:53:37:404,139.8125
23:05:2018 15:53:37:404,140.8125
23:05:2018 15:53:37:437,140.8125
23:05:2018 15:53:37:437,139.3125
23:05:2018 15:53:37:453,139.3125
23:05:2018 15:53:37:453,140.4375
23:05:2018 15:53:37:469,140.4375
23:05:2018 15:53:37:469,141.3125
23:05:2018 15:53:37:485,141.3125
23:05:2018 15:53:37:485,142.4375
23:05:2018 15:53:37:501,142.4375
23:05:2018 15:53:37:501,140.0625
23:05:2018 15:53:37:517,140.0625
23:05:2018 15:53:37:517,141.5625
23:05:2018 15:53:37:533,141.5625
23:05:2018 15:53:37:533,138.875
23:05:2018 15:53:37:549,138.875
23:05:2018 15:53:37:549,139.1875
23:05:2018 15:53:37:565,139.1875
23:05:2018 15:53:37:565,142.4375
23:05:2018 15:53:37:581,142.4375
23:05:2018 15:53:37:581,140.9375
23:05:2018 15:53:37:597,140.9375
23:05:2018 15:53:37:597,136.8125
23:05:2018 15:53:37:613,136.8125
23:05:2018 15:53:37:613,138.0625
23:05:2018 15:53:37:629,138.0625
23:05:2018 15:53:37:629,139
23:05:2018 15:53:37:645,139
23:05:2018 15:53:37:645,140.4375
23:05:2018 15:53:37:661,140.4375
23:05:2018 15:53:37:661,142.125
23:05:2018 15:53:37:677,142.125
23:05:2018 15:53:37:677,139.625
23:05:2018 15:53:37:693,139.625
23:05:2018 15:53:37:693,139
23:05:2018 15:53:37:710,139
23:05:2018 15:53:37:710,140.1875
23:05:2018 15:53:37:726,140.1875
23:05:2018 15:53:37:726,141.625
23:05:2018 15:53:37:758,141.625
23:05:2018 15:53:37:758,139.5625
23:05:2018 15:53:37:774,139.5625
23:05:2018 15:53:37:774,140.4375
23:05:2018 15:53:37:790,140.4375
23:05:2018 15:53:37:790,139.1875
23:05:2018 15:53:37:806,139.1875
23:05:2018 15:53:37:806,141.625
23:05:2018 15:53:37:822,141.625
23:05:2018 15:53:37:822,139.6875
23:05:2018 15:53:37:838,139.6875
23:05:2018 15:53:37:838,138.875
23:05:2018 15:53:37:854,138.875
23:05:2018 15:53:37:854,89.375
23:05:2018 15:53:37:870,89.375
23:05:2018 15:53:37:870,81.9375
23:05:2018 15:53:37:886,81.9375
23:05:2018 15:53:37:886,74.375
23:05:2018 15:53:37:902,74.375
23:05:2018 15:53:37:902,65.4375
23:05:2018 15:53:37:918,65.4375
23:05:2018 15:53:37:918,57.1875
23:05:2018 15:53:37:934,57.1875
23:05:2018 15:53:37:934,48.6875
23:05:2018 15:53:37:950,48.6875
23:05:2018 15:53:37:950,40.8125
23:05:2018 15:53:37:966,40.8125
23:05:2018 15:53:37:966,34.75
23:05:2018 15:53:37:982,34.75
23:05:2018 15:53:37:982,25.9375
23:05:2018 15:53:37:998,25.9375
23:05:2018 15:53:37:998,20.25
23:05:2018 15:53:38:014,20.25
23:05:2018 15:53:38:014,18.4375
23:05:2018 15:53:38:030,18.4375
23:05:2018 15:53:38:030,12.5
23:05:2018 15:53:38:047,12.5
23:05:2018 15:53:38:047,7.625
23:05:2018 15:53:38:063,7.625
23:05:2018 15:53:38:063,3.125
23:05:2018 15:53:38:079,3.125
23:05:2018 15:53:38:079,0
23:05:2018 15:53:38:079,0
23:05:2018 15:53:38:129,0
23:05:2018 15:53:38:191,0
23:05:2018 15:53:38:191,47.1875
23:05:2018 15:53:38:207,47.1875
23:05:2018 15:53:38:207,42.5625
23:05:2018 15:53:38:223,42.5625
23:05:2018 15:53:38:223,64.25
23:05:2018 15:53:38:239,64.25
23:05:2018 15:53:38:239,65
23:05:2018 15:53:38:255,65
23:05:2018 15:53:38:255,71.25
23:05:2018 15:53:38:271,71.25
23:05:2018 15:53:38:271,75.6875
23:05:2018 15:53:38:287,75.6875
23:05:2018 15:53:38:287,80.5625
23:05:2018 15:53:38:303,80.5625
23:05:2018 15:53:38:303,84.375
23:05:2018 15:53:38:319,84.375
23:05:2018 15:53:38:319,85.625
23:05:2018 15:53:38:335,85.625
23:05:2018 15:53:38:335,88.4375
23:05:2018 15:53:38:351,88.4375
23:05:2018 15:53:38:351,89.25
23:05:2018 15:53:38:367,89.25
23:05:2018 15:53:38:367,88.625
23:05:2018 15:53:38:383,88.625
23:05:2018 15:53:38:383,89.625
23:05:2018 15:53:38:400,89.625
23:05:2018 15:53:38:400,91.375
23:05:2018 15:53:38:416,91.375
23:05:2018 15:53:38:416,90.6875
23:05:2018 15:53:38:448,90.6875
23:05:2018 15:53:38:448,91.4375
23:05:2018 15:53:38:464,91.4375
23:05:2018 15:53:38:464,92.4375
23:05:2018 15:53:38:480,92.4375
23:05:2018 15:53:38:480,90.875
23:05:2018 15:53:38:496,90.875
23:05:2018 15:53:38:496,80.125
23:05:2018 15:53:38:512,80.125
23:05:2018 15:53:38:512,83.5
23:05:2018 15:53:38:528,83.5
23:05:2018 15:53:38:528,83.125
23:05:2018 15:53:38:544,83.125
23:05:2018 15:53:38:544,86.1875
23:05:2018 15:53:38:560,86.1875
23:05:2018 15:53:38:560,84.5625
23:05:2018 15:53:38:576,84.5625
23:05:2018 15:53:38:576,81.375
23:05:2018 15:53:38:592,81.375
23:05:2018 15:53:38:592,83.0625
23:05:2018 15:53:38:608,83.0625
23:05:2018 15:53:38:608,83.625
23:05:2018 15:53:38:624,83.625
23:05:2018 15:53:38:624,81.3125
23:05:2018 15:53:38:640,81.3125
23:05:2018 15:53:38:640,82
23:05:2018 15:53:38:656,82
23:05:2018 15:53:38:656,82.5625
23:05:2018 15:53:38:688,82.5625
23:05:2018 15:53:38:688,81.25
23:05:2018 15:53:38:705,81.25
23:05:2018 15:53:38:705,80.5625
23:05:2018 15:53:38:737,80.5625
23:05:2018 15:53:38:737,81.5
23:05:2018 15:53:38:753,81.5
23:05:2018 15:53:38:753,56.75
23:05:2018 15:53:38:769,56.75
23:05:2018 15:53:38:769,47.4375
23:05:2018 15:53:38:785,47.4375
23:05:2018 15:53:38:785,39.375
23:05:2018 15:53:38:801,39.375
23:05:2018 15:53:38:801,33.0625
23:05:2018 15:53:38:817,33.0625
23:05:2018 15:53:38:817,24.5625
23:05:2018 15:53:38:833,24.5625
23:05:2018 15:53:38:833,18.4375
23:05:2018 15:53:38:849,18.4375
23:05:2018 15:53:38:849,71.625
23:05:2018 15:53:38:865,71.625
23:05:2018 15:53:38:865,122.0625
23:05:2018 15:53:38:881,122.0625
23:05:2018 15:53:38:881,115.0625
23:05:2018 15:53:38:897,115.0625
23:05:2018 15:53:38:897,119.4375
23:05:2018 15:53:38:913,119.4375
23:05:2018 15:53:38:913,119.875
23:05:2018 15:53:38:929,119.875
23:05:2018 15:53:38:929,120.125
23:05:2018 15:53:38:945,120.125
23:05:2018 15:53:38:945,118.9375
23:05:2018 15:53:38:961,118.9375
23:05:2018 15:53:38:961,120.375
23:05:2018 15:53:38:977,120.375
23:05:2018 15:53:38:977,123
23:05:2018 15:53:38:993,123
23:05:2018 15:53:38:993,122.8125
23:05:2018 15:53:39:010,122.8125
23:05:2018 15:53:39:010,123.25
23:05:2018 15:53:39:026,123.25
23:05:2018 15:53:39:026,122.3125
23:05:2018 15:53:39:042,122.3125
23:05:2018 15:53:39:042,121.6875
23:05:2018 15:53:39:058,121.6875
23:05:2018 15:53:39:058,122.3125
23:05:2018 15:53:39:074,122.3125
23:05:2018 15:53:39:074,122.75
23:05:2018 15:53:39:074,122.75
23:05:2018 15:53:39:130,122.75
23:05:2018 15:53:39:130,122.125
23:05:2018 15:53:39:162,122.125
23:05:2018 15:53:39:162,119.125
23:05:2018 15:53:39:178,119.125
23:05:2018 15:53:39:178,118.375
23:05:2018 15:53:39:194,118.375
23:05:2018 15:53:39:194,120.75
23:05:2018 15:53:39:210,120.75
23:05:2018 15:53:39:210,122.3125
23:05:2018 15:53:39:226,122.3125
23:05:2018 15:53:39:226,120.125
23:05:2018 15:53:39:242,120.125
23:05:2018 15:53:39:242,118.8125
23:05:2018 15:53:39:258,118.8125
23:05:2018 15:53:39:258,120.375
23:05:2018 15:53:39:290,120.375
23:05:2018 15:53:39:290,119.5625
23:05:2018 15:53:39:306,119.5625
23:05:2018 15:53:39:306,117.8125
23:05:2018 15:53:39:323,117.8125
23:05:2018 15:53:39:323,118.9375
23:05:2018 15:53:39:339,118.9375
23:05:2018 15:53:39:339,119.1875
23:05:2018 15:53:39:371,119.1875
23:05:2018 15:53:39:371,118.9375
23:05:2018 15:53:39:387,118.9375
23:05:2018 15:53:39:387,119
23:05:2018 15:53:39:403,119
23:05:2018 15:53:39:403,72.0625
23:05:2018 15:53:39:419,72.0625
23:05:2018 15:53:39:419,72.5625
23:05:2018 15:53:39:435,72.5625
23:05:2018 15:53:39:435,64.375
23:05:2018 15:53:39:451,64.375
23:05:2018 15:53:39:451,55.6875
23:05:2018 15:53:39:467,55.6875
23:05:2018 15:53:39:467,47.6875
23:05:2018 15:53:39:483,47.6875
23:05:2018 15:53:39:483,38.625
23:05:2018 15:53:39:499,38.625
23:05:2018 15:53:39:499,32.3125
23:05:2018 15:53:39:515,32.3125
23:05:2018 15:53:39:515,25
23:05:2018 15:53:39:531,25
23:05:2018 15:53:39:531,18.4375
23:05:2018 15:53:39:547,18.4375
23:05:2018 15:53:39:547,17.375
23:05:2018 15:53:39:563,17.375
23:05:2018 15:53:39:563,11.25
23:05:2018 15:53:39:579,11.25
23:05:2018 15:53:39:579,7.625
23:05:2018 15:53:39:595,7.625
23:05:2018 15:53:39:595,3.125
23:05:2018 15:53:39:611,3.125
23:05:2018 15:53:39:611,0
23:05:2018 15:53:39:611,0
23:05:2018 15:53:39:692,0
23:05:2018 15:53:39:692,80.3125
23:05:2018 15:53:39:708,80.3125
23:05:2018 15:53:39:708,124.6875
23:05:2018 15:53:39:724,124.6875
23:05:2018 15:53:39:724,135
23:05:2018 15:53:39:740,135
23:05:2018 15:53:39:740,136.625
23:05:2018 15:53:39:756,136.625
23:05:2018 15:53:39:756,139.5
23:05:2018 15:53:39:772,139.5
23:05:2018 15:53:39:772,141.5625
23:05:2018 15:53:39:788,141.5625
23:05:2018 15:53:39:788,145
23:05:2018 15:53:39:804,145
23:05:2018 15:53:39:804,147.625
23:05:2018 15:53:39:820,147.625
23:05:2018 15:53:39:820,148.5625
23:05:2018 15:53:39:836,148.5625
23:05:2018 15:53:39:836,151.4375
23:05:2018 15:53:39:852,151.4375
23:05:2018 15:53:39:852,151.625
23:05:2018 15:53:39:868,151.625
23:05:2018 15:53:39:868,150.125
23:05:2018 15:53:39:884,150.125
23:05:2018 15:53:39:884,150.875
23:05:2018 15:53:39:900,150.875
23:05:2018 15:53:39:900,152
23:05:2018 15:53:39:916,152
23:05:2018 15:53:39:916,151.6875
23:05:2018 15:53:39:932,151.6875
23:05:2018 15:53:39:932,150.9375
23:05:2018 15:53:39:949,150.9375
23:05:2018 15:53:39:949,151.875
23:05:2018 15:53:39:965,151.875
23:05:2018 15:53:39:965,152.3125
23:05:2018 15:53:39:981,152.3125
23:05:2018 15:53:39:981,152.6875
23:05:2018 15:53:39:997,152.6875
23:05:2018 15:53:39:997,151.5
23:05:2018 15:53:40:013,151.5
23:05:2018 15:53:40:013,151.9375
23:05:2018 15:53:40:029,151.9375
23:05:2018 15:53:40:029,152.1875
23:05:2018 15:53:40:045,152.1875
23:05:2018 15:53:40:045,154.625
23:05:2018 15:53:40:061,154.625
23:05:2018 15:53:40:061,153.75
23:05:2018 15:53:40:077,153.75
23:05:2018 15:53:40:077,153.4375
23:05:2018 15:53:40:093,153.4375
23:05:2018 15:53:40:093,152.3125
23:05:2018 15:53:40:109,152.3125
23:05:2018 15:53:40:109,152.875
23:05:2018 15:53:40:125,152.875
23:05:2018 15:53:40:125,154.625
23:05:2018 15:53:40:141,154.625
23:05:2018 15:53:40:141,156.375
23:05:2018 15:53:40:157,156.375
23:05:2018 15:53:40:157,154.3125
23:05:2018 15:53:40:173,154.3125
23:05:2018 15:53:40:173,152.3125
23:05:2018 15:53:40:189,152.3125
23:05:2018 15:53:40:189,153.375
23:05:2018 15:53:40:206,153.375
23:05:2018 15:53:40:206,155.375
23:05:2018 15:53:40:222,155.375
23:05:2018 15:53:40:222,153.875
23:05:2018 15:53:40:238,153.875
23:05:2018 15:53:40:238,128.125
23:05:2018 15:53:40:254,128.125
23:05:2018 15:53:40:254,71.625
23:05:2018 15:53:40:270,71.625
23:05:2018 15:53:40:270,78.625
23:05:2018 15:53:40:286,78.625
23:05:2018 15:53:40:286,65
23:05:2018 15:53:40:302,65
23:05:2018 15:53:40:302,58.1875
23:05:2018 15:53:40:318,58.1875
23:05:2018 15:53:40:318,49.75
23:05:2018 15:53:40:334,49.75
23:05:2018 15:53:40:334,39.75
23:05:2018 15:53:40:350,39.75
23:05:2018 15:53:40:350,34.625
23:05:2018 15:53:40:366,34.625
23:05:2018 15:53:40:366,26.6875
23:05:2018 15:53:40:382,26.6875
23:05:2018 15:53:40:382,19
23:05:2018 15:53:40:398,19
23:05:2018 15:53:40:398,17.625
23:05:2018 15:53:40:414,17.625
23:05:2018 15:53:40:414,13.25
23:05:2018 15:53:40:430,13.25
23:05:2018 15:53:40:430,10.3125
23:05:2018 15:53:40:446,10.3125
23:05:2018 15:53:40:446,5.375
23:05:2018 15:53:40:462,5.375
23:05:2018 15:53:40:462,0
23:05:2018 15:53:40:462,0
23:05:2018 15:53:40:559,0
23:05:2018 15:53:40:559,8.8125
23:05:2018 15:53:40:575,8.8125
23:05:2018 15:53:40:575,124
23:05:2018 15:53:40:591,124
23:05:2018 15:53:40:591,99.1875
23:05:2018 15:53:40:607,99.1875
23:05:2018 15:53:40:607,121.875
23:05:2018 15:53:40:623,121.875
23:05:2018 15:53:40:623,127.6875
23:05:2018 15:53:40:639,127.6875
23:05:2018 15:53:40:639,127.0625
23:05:2018 15:53:40:655,127.0625
23:05:2018 15:53:40:655,131.5625
23:05:2018 15:53:40:672,131.5625
23:05:2018 15:53:40:672,134.75
23:05:2018 15:53:40:688,134.75
23:05:2018 15:53:40:688,137.3125
23:05:2018 15:53:40:704,137.3125
23:05:2018 15:53:40:704,138.625
23:05:2018 15:53:40:720,138.625
23:05:2018 15:53:40:720,137.5625
23:05:2018 15:53:40:736,137.5625
23:05:2018 15:53:40:736,139.25
23:05:2018 15:53:40:752,139.25
23:05:2018 15:53:40:752,138.375
23:05:2018 15:53:40:768,138.375
23:05:2018 15:53:40:768,140.6875
23:05:2018 15:53:40:784,140.6875
23:05:2018 15:53:40:784,139.8125
23:05:2018 15:53:40:800,139.8125
23:05:2018 15:53:40:800,138.875
23:05:2018 15:53:40:832,138.875
23:05:2018 15:53:40:832,140.4375
23:05:2018 15:53:40:848,140.4375
23:05:2018 15:53:40:848,142
23:05:2018 15:53:40:864,142
23:05:2018 15:53:40:864,140.125
23:05:2018 15:53:40:881,140.125
23:05:2018 15:53:40:881,137.875
23:05:2018 15:53:40:897,137.875
23:05:2018 15:53:40:897,140.625
23:05:2018 15:53:40:913,140.625
23:05:2018 15:53:40:913,140.875
23:05:2018 15:53:40:929,140.875
23:05:2018 15:53:40:929,141.9375
23:05:2018 15:53:40:945,141.9375
23:05:2018 15:53:40:945,140.125
23:05:2018 15:53:40:961,140.125
23:05:2018 15:53:40:961,139.25
23:05:2018 15:53:40:977,139.25
23:05:2018 15:53:40:977,141.1875
23:05:2018 15:53:40:993,141.1875
23:05:2018 15:53:40:993,141.5
23:05:2018 15:53:41:009,141.5
23:05:2018 15:53:41:009,139.6875
23:05:2018 15:53:41:025,139.6875
23:05:2018 15:53:41:025,138.5625
23:05:2018 15:53:41:041,138.5625
23:05:2018 15:53:41:041,140.375
23:05:2018 15:53:41:057,140.375
23:05:2018 15:53:41:057,123.25
23:05:2018 15:53:41:073,123.25
23:05:2018 15:53:41:073,76.5
23:05:2018 15:53:41:089,76.5
23:05:2018 15:53:41:089,76.125
23:05:2018 15:53:41:105,76.125
23:05:2018 15:53:41:105,64.375
23:05:2018 15:53:41:121,64.375
23:05:2018 15:53:41:121,56.8125
23:05:2018 15:53:41:138,56.8125
23:05:2018 15:53:41:138,48.8125
23:05:2018 15:53:41:154,48.8125
23:05:2018 15:53:41:154,39.25
23:05:2018 15:53:41:170,39.25
23:05:2018 15:53:41:170,33.0625
23:05:2018 15:53:41:186,33.0625
23:05:2018 15:53:41:186,25
23:05:2018 15:53:41:202,25
23:05:2018 15:53:41:202,64.75
23:05:2018 15:53:41:218,64.75
23:05:2018 15:53:41:218,190.9375
23:05:2018 15:53:41:234,190.9375
23:05:2018 15:53:41:234,150.4375
23:05:2018 15:53:41:250,150.4375
23:05:2018 15:53:41:250,151.3125
23:05:2018 15:53:41:266,151.3125
23:05:2018 15:53:41:266,151.0625
23:05:2018 15:53:41:282,151.0625
23:05:2018 15:53:41:282,150.9375
23:05:2018 15:53:41:298,150.9375
23:05:2018 15:53:41:298,149.125
23:05:2018 15:53:41:314,149.125
23:05:2018 15:53:41:314,150.625
23:05:2018 15:53:41:330,150.625
23:05:2018 15:53:41:330,152.875
23:05:2018 15:53:41:346,152.875
23:05:2018 15:53:41:346,152.4375
23:05:2018 15:53:41:362,152.4375
23:05:2018 15:53:41:362,152
23:05:2018 15:53:41:378,152
23:05:2018 15:53:41:378,151.375
23:05:2018 15:53:41:394,151.375
23:05:2018 15:53:41:394,151.0625
23:05:2018 15:53:41:410,151.0625
23:05:2018 15:53:41:410,150.625
23:05:2018 15:53:41:426,150.625
23:05:2018 15:53:41:426,151.875
23:05:2018 15:53:41:442,151.875
23:05:2018 15:53:41:442,152.125
23:05:2018 15:53:41:459,152.125
23:05:2018 15:53:41:459,151.5
23:05:2018 15:53:41:491,151.5
23:05:2018 15:53:41:491,151.0625
23:05:2018 15:53:41:507,151.0625
23:05:2018 15:53:41:507,150.9375
23:05:2018 15:53:41:523,150.9375
23:05:2018 15:53:41:523,152.125
23:05:2018 15:53:41:539,152.125
23:05:2018 15:53:41:539,152.6875
23:05:2018 15:53:41:555,152.6875
23:05:2018 15:53:41:555,151.5
23:05:2018 15:53:41:603,151.5
23:05:2018 15:53:41:603,151.6875
23:05:2018 15:53:41:619,151.6875
23:05:2018 15:53:41:619,150.9375
23:05:2018 15:53:41:635,150.9375
23:05:2018 15:53:41:635,129.125
23:05:2018 15:53:41:651,129.125
23:05:2018 15:53:41:651,94.3125
23:05:2018 15:53:41:667,94.3125
23:05:2018 15:53:41:667,96.8125
23:05:2018 15:53:41:683,96.8125
23:05:2018 15:53:41:683,94.3125
23:05:2018 15:53:41:699,94.3125
23:05:2018 15:53:41:699,94.8125
23:05:2018 15:53:41:715,94.8125
23:05:2018 15:53:41:715,94.4375
23:05:2018 15:53:41:731,94.4375
23:05:2018 15:53:41:731,96.625
23:05:2018 15:53:41:763,96.625
23:05:2018 15:53:41:763,94.3125
23:05:2018 15:53:41:779,94.3125
23:05:2018 15:53:41:779,93.5625
23:05:2018 15:53:41:796,93.5625
23:05:2018 15:53:41:796,94.5625
23:05:2018 15:53:41:812,94.5625
23:05:2018 15:53:41:812,94.1875
23:05:2018 15:53:41:828,94.1875
23:05:2018 15:53:41:828,92.125
23:05:2018 15:53:41:844,92.125
23:05:2018 15:53:41:844,93.375
23:05:2018 15:53:41:876,93.375
23:05:2018 15:53:41:876,94.625
23:05:2018 15:53:41:892,94.625
23:05:2018 15:53:41:892,91.1875
23:05:2018 15:53:41:924,91.1875
23:05:2018 15:53:41:924,94.625
23:05:2018 15:53:41:940,94.625
23:05:2018 15:53:41:940,95
23:05:2018 15:53:41:956,95
23:05:2018 15:53:41:956,94.3125
23:05:2018 15:53:41:972,94.3125
23:05:2018 15:53:41:972,93.5
23:05:2018 15:53:41:988,93.5
23:05:2018 15:53:41:988,94.75
23:05:2018 15:53:42:004,94.75
23:05:2018 15:53:42:004,95.875
23:05:2018 15:53:42:020,95.875
23:05:2018 15:53:42:020,95.5625
23:05:2018 15:53:42:036,95.5625
23:05:2018 15:53:42:036,81.875
23:05:2018 15:53:42:052,81.875
23:05:2018 15:53:42:052,85.1875
23:05:2018 15:53:42:068,85.1875
23:05:2018 15:53:42:068,86.4375
23:05:2018 15:53:42:084,86.4375
23:05:2018 15:53:42:084,86.75
23:05:2018 15:53:42:100,86.75
23:05:2018 15:53:42:100,85.5
23:05:2018 15:53:42:116,85.5
23:05:2018 15:53:42:116,84.75
23:05:2018 15:53:42:133,84.75
23:05:2018 15:53:42:133,84.375
23:05:2018 15:53:42:149,84.375
23:05:2018 15:53:42:149,81.0625
23:05:2018 15:53:42:165,81.0625
23:05:2018 15:53:42:165,53.1875
23:05:2018 15:53:42:181,53.1875
23:05:2018 15:53:42:181,46.875
23:05:2018 15:53:42:197,46.875
23:05:2018 15:53:42:197,37.75
23:05:2018 15:53:42:213,37.75
23:05:2018 15:53:42:213,31.5
23:05:2018 15:53:42:229,31.5
23:05:2018 15:53:42:229,25
23:05:2018 15:53:42:245,25
23:05:2018 15:53:42:245,19.25
23:05:2018 15:53:42:261,19.25
23:05:2018 15:53:42:261,15.875
23:05:2018 15:53:42:277,15.875
23:05:2018 15:53:42:277,11.25
23:05:2018 15:53:42:293,11.25
23:05:2018 15:53:42:293,7.625
23:05:2018 15:53:42:309,7.625
23:05:2018 15:53:42:309,0
23:05:2018 15:53:42:309,0
23:05:2018 15:53:42:359,0
23:05:2018 15:53:42:437,0
23:05:2018 15:53:42:437,78.6875
23:05:2018 15:53:42:453,78.6875
23:05:2018 15:53:42:453,71.9375
23:05:2018 15:53:42:469,71.9375
23:05:2018 15:53:42:469,100.1875
23:05:2018 15:53:42:486,100.1875
23:05:2018 15:53:42:486,99.5
23:05:2018 15:53:42:502,99.5
23:05:2018 15:53:42:502,105.125
23:05:2018 15:53:42:518,105.125
23:05:2018 15:53:42:518,109.3125
23:05:2018 15:53:42:534,109.3125
23:05:2018 15:53:42:534,113.1875
23:05:2018 15:53:42:550,113.1875
23:05:2018 15:53:42:550,116.5
23:05:2018 15:53:42:566,116.5
23:05:2018 15:53:42:566,117.75
23:05:2018 15:53:42:582,117.75
23:05:2018 15:53:42:582,118.625
23:05:2018 15:53:42:598,118.625
23:05:2018 15:53:42:598,119
23:05:2018 15:53:42:614,119
23:05:2018 15:53:42:614,120.75
23:05:2018 15:53:42:630,120.75
23:05:2018 15:53:42:630,120.0625
23:05:2018 15:53:42:662,120.0625
23:05:2018 15:53:42:662,120.6875
23:05:2018 15:53:42:678,120.6875
23:05:2018 15:53:42:678,121
23:05:2018 15:53:42:694,121
23:05:2018 15:53:42:694,121.3125
23:05:2018 15:53:42:710,121.3125
23:05:2018 15:53:42:710,122.1875
23:05:2018 15:53:42:726,122.1875
23:05:2018 15:53:42:726,123.0625
23:05:2018 15:53:42:742,123.0625
23:05:2018 15:53:42:742,118.0625
23:05:2018 15:53:42:758,118.0625
23:05:2018 15:53:42:758,116.6875
23:05:2018 15:53:42:774,116.6875
23:05:2018 15:53:42:774,117.9375
23:05:2018 15:53:42:790,117.9375
23:05:2018 15:53:42:790,119.4375
23:05:2018 15:53:42:807,119.4375
23:05:2018 15:53:42:807,121.875
23:05:2018 15:53:42:823,121.875
23:05:2018 15:53:42:823,119.8125
23:05:2018 15:53:42:839,119.8125
23:05:2018 15:53:42:839,118.1875
23:05:2018 15:53:42:855,118.1875
23:05:2018 15:53:42:855,119.4375
23:05:2018 15:53:42:871,119.4375
23:05:2018 15:53:42:871,119.125
23:05:2018 15:53:42:919,119.125
23:05:2018 15:53:42:919,117.625
23:05:2018 15:53:42:935,117.625
23:05:2018 15:53:42:935,118.625
23:05:2018 15:53:42:967,118.625
23:05:2018 15:53:42:967,118.9375
23:05:2018 15:53:42:983,118.9375
23:05:2018 15:53:42:983,112.625
23:05:2018 15:53:42:999,112.625
23:05:2018 15:53:42:999,73.625
23:05:2018 15:53:43:015,73.625
23:05:2018 15:53:43:015,65.75
23:05:2018 15:53:43:031,65.75
23:05:2018 15:53:43:031,58.1875
23:05:2018 15:53:43:047,58.1875
23:05:2018 15:53:43:047,50.5625
23:05:2018 15:53:43:063,50.5625
23:05:2018 15:53:43:063,41.0625
23:05:2018 15:53:43:079,41.0625
23:05:2018 15:53:43:079,33.3125
23:05:2018 15:53:43:095,33.3125
23:05:2018 15:53:43:095,26.6875
23:05:2018 15:53:43:112,26.6875
23:05:2018 15:53:43:112,20.9375
23:05:2018 15:53:43:128,20.9375
23:05:2018 15:53:43:128,16.8125
23:05:2018 15:53:43:144,16.8125
23:05:2018 15:53:43:144,13.25
23:05:2018 15:53:43:160,13.25
23:05:2018 15:53:43:160,8.8125
23:05:2018 15:53:43:176,8.8125
23:05:2018 15:53:43:176,3.125
23:05:2018 15:53:43:192,3.125
23:05:2018 15:53:43:192,0
23:05:2018 15:53:43:192,0
23:05:2018 15:53:43:242,0
23:05:2018 15:53:43:292,0
23:05:2018 15:53:43:342,0
23:05:2018 15:53:43:392,0
23:05:2018 15:53:43:448,0
23:05:2018 15:53:43:448,19.75
23:05:2018 15:53:43:464,19.75
23:05:2018 15:53:43:464,118
23:05:2018 15:53:43:480,118
23:05:2018 15:53:43:480,97.625
23:05:2018 15:53:43:497,97.625
23:05:2018 15:53:43:497,117
23:05:2018 15:53:43:513,117
23:05:2018 15:53:43:513,123.4375
23:05:2018 15:53:43:528,123.4375
23:05:2018 15:53:43:528,131.1875
23:05:2018 15:53:43:545,131.1875
23:05:2018 15:53:43:545,134.625
23:05:2018 15:53:43:561,134.625
23:05:2018 15:53:43:561,139.5
23:05:2018 15:53:43:577,139.5
23:05:2018 15:53:43:577,144.375
23:05:2018 15:53:43:593,144.375
23:05:2018 15:53:43:593,146.875
23:05:2018 15:53:43:609,146.875
23:05:2018 15:53:43:609,148.1875
23:05:2018 15:53:43:625,148.1875
23:05:2018 15:53:43:625,148.4375
23:05:2018 15:53:43:641,148.4375
23:05:2018 15:53:43:641,149
23:05:2018 15:53:43:657,149
23:05:2018 15:53:43:657,150.6875
23:05:2018 15:53:43:673,150.6875
23:05:2018 15:53:43:673,151.4375
23:05:2018 15:53:43:689,151.4375
23:05:2018 15:53:43:689,151.25
23:05:2018 15:53:43:705,151.25
23:05:2018 15:53:43:705,150.0625
23:05:2018 15:53:43:721,150.0625
23:05:2018 15:53:43:721,150.625
23:05:2018 15:53:43:737,150.625
23:05:2018 15:53:43:737,151.5625
23:05:2018 15:53:43:753,151.5625
23:05:2018 15:53:43:753,155.9375
23:05:2018 15:53:43:769,155.9375
23:05:2018 15:53:43:769,152.5
23:05:2018 15:53:43:786,152.5
23:05:2018 15:53:43:786,151.6875
23:05:2018 15:53:43:802,151.6875
23:05:2018 15:53:43:802,152.5625
23:05:2018 15:53:43:818,152.5625
23:05:2018 15:53:43:818,153.5
23:05:2018 15:53:43:834,153.5
23:05:2018 15:53:43:834,154.875
23:05:2018 15:53:43:850,154.875
23:05:2018 15:53:43:850,154
23:05:2018 15:53:43:866,154
23:05:2018 15:53:43:866,153.5625
23:05:2018 15:53:43:882,153.5625
23:05:2018 15:53:43:882,153.375
23:05:2018 15:53:43:898,153.375
23:05:2018 15:53:43:898,154.25
23:05:2018 15:53:43:914,154.25
23:05:2018 15:53:43:914,154.5
23:05:2018 15:53:43:930,154.5
23:05:2018 15:53:43:930,154.1875
23:05:2018 15:53:43:946,154.1875
23:05:2018 15:53:43:946,150.875
23:05:2018 15:53:43:962,150.875
23:05:2018 15:53:43:962,47.875
23:05:2018 15:53:43:978,47.875
23:05:2018 15:53:43:978,81.5
23:05:2018 15:53:43:994,81.5
23:05:2018 15:53:43:994,67.5
23:05:2018 15:53:44:010,67.5
23:05:2018 15:53:44:010,60
23:05:2018 15:53:44:026,60
23:05:2018 15:53:44:026,50.5625
23:05:2018 15:53:44:042,50.5625
23:05:2018 15:53:44:042,128.75
23:05:2018 15:53:44:058,128.75
23:05:2018 15:53:44:058,124.875
23:05:2018 15:53:44:075,124.875
23:05:2018 15:53:44:075,134.75
23:05:2018 15:53:44:091,134.75
23:05:2018 15:53:44:091,135.3125
23:05:2018 15:53:44:107,135.3125
23:05:2018 15:53:44:107,135.75
23:05:2018 15:53:44:123,135.75
23:05:2018 15:53:44:123,132.0625
23:05:2018 15:53:44:131,132.0625
23:05:2018 15:53:44:131,132.6875
23:05:2018 15:53:44:147,132.6875
23:05:2018 15:53:44:147,135.875
23:05:2018 15:53:44:163,135.875
23:05:2018 15:53:44:163,133.75
23:05:2018 15:53:44:179,133.75
23:05:2018 15:53:44:179,134.9375
23:05:2018 15:53:44:211,134.9375
23:05:2018 15:53:44:211,133.875
23:05:2018 15:53:44:227,133.875
23:05:2018 15:53:44:227,134.1875
23:05:2018 15:53:44:243,134.1875
23:05:2018 15:53:44:243,134.5
23:05:2018 15:53:44:259,134.5
23:05:2018 15:53:44:259,135.625
23:05:2018 15:53:44:275,135.625
23:05:2018 15:53:44:275,133.75
23:05:2018 15:53:44:291,133.75
23:05:2018 15:53:44:291,133.375
23:05:2018 15:53:44:307,133.375
23:05:2018 15:53:44:307,132.9375
23:05:2018 15:53:44:323,132.9375
23:05:2018 15:53:44:323,135.6875
23:05:2018 15:53:44:339,135.6875
23:05:2018 15:53:44:339,132.25
23:05:2018 15:53:44:355,132.25
23:05:2018 15:53:44:355,129
23:05:2018 15:53:44:372,129
23:05:2018 15:53:44:372,131.4375
23:05:2018 15:53:44:388,131.4375
23:05:2018 15:53:44:388,132.25
23:05:2018 15:53:44:404,132.25
23:05:2018 15:53:44:404,129.875
23:05:2018 15:53:44:420,129.875
23:05:2018 15:53:44:420,130.1875
23:05:2018 15:53:44:436,130.1875
23:05:2018 15:53:44:436,132.3125
23:05:2018 15:53:44:452,132.3125
23:05:2018 15:53:44:452,141.3125
23:05:2018 15:53:44:468,141.3125
23:05:2018 15:53:44:468,139.3125
23:05:2018 15:53:44:484,139.3125
23:05:2018 15:53:44:484,139.625
23:05:2018 15:53:44:500,139.625
23:05:2018 15:53:44:500,139.1875
23:05:2018 15:53:44:516,139.1875
23:05:2018 15:53:44:516,140
23:05:2018 15:53:44:532,140
23:05:2018 15:53:44:532,141.125
23:05:2018 15:53:44:548,141.125
23:05:2018 15:53:44:548,140.3125
23:05:2018 15:53:44:564,140.3125
23:05:2018 15:53:44:564,140.0625
23:05:2018 15:53:44:580,140.0625
23:05:2018 15:53:44:580,139.9375
23:05:2018 15:53:44:596,139.9375
23:05:2018 15:53:44:596,140.5
23:05:2018 15:53:44:612,140.5
23:05:2018 15:53:44:612,139.625
23:05:2018 15:53:44:628,139.625
23:05:2018 15:53:44:628,139.0625
23:05:2018 15:53:44:644,139.0625
23:05:2018 15:53:44:644,138.625
23:05:2018 15:53:44:660,138.625
23:05:2018 15:53:44:660,139.5
23:05:2018 15:53:44:677,139.5
23:05:2018 15:53:44:677,139.8125
23:05:2018 15:53:44:693,139.8125
23:05:2018 15:53:44:693,140.9375
23:05:2018 15:53:44:709,140.9375
23:05:2018 15:53:44:709,139.75
23:05:2018 15:53:44:725,139.75
23:05:2018 15:53:44:725,139
23:05:2018 15:53:44:741,139
23:05:2018 15:53:44:741,140.125
23:05:2018 15:53:44:757,140.125
23:05:2018 15:53:44:757,140.25
23:05:2018 15:53:44:773,140.25
23:05:2018 15:53:44:773,141.6875
23:05:2018 15:53:44:789,141.6875
23:05:2018 15:53:44:789,141.375
23:05:2018 15:53:44:805,141.375
23:05:2018 15:53:44:805,139
23:05:2018 15:53:44:821,139
23:05:2018 15:53:44:821,139.1875
23:05:2018 15:53:44:837,139.1875
23:05:2018 15:53:44:837,140.4375
23:05:2018 15:53:44:853,140.4375
23:05:2018 15:53:44:853,141
23:05:2018 15:53:44:869,141
23:05:2018 15:53:44:869,141.3125
23:05:2018 15:53:44:885,141.3125
23:05:2018 15:53:44:885,138.1875
23:05:2018 15:53:44:901,138.1875
23:05:2018 15:53:44:901,139.875
23:05:2018 15:53:44:917,139.875
23:05:2018 15:53:44:917,141.375
23:05:2018 15:53:44:934,141.375
23:05:2018 15:53:44:934,141.625
23:05:2018 15:53:44:950,141.625
23:05:2018 15:53:44:950,139.5
23:05:2018 15:53:44:966,139.5
23:05:2018 15:53:44:966,136.625
23:05:2018 15:53:44:982,136.625
23:05:2018 15:53:44:982,50.4375
23:05:2018 15:53:44:998,50.4375
23:05:2018 15:53:44:998,78.3125
23:05:2018 15:53:45:014,78.3125
23:05:2018 15:53:45:014,66.75
23:05:2018 15:53:45:030,66.75
23:05:2018 15:53:45:030,57.4375
23:05:2018 15:53:45:046,57.4375
23:05:2018 15:53:45:046,50.9375
23:05:2018 15:53:45:062,50.9375
23:05:2018 15:53:45:062,41.875
23:05:2018 15:53:45:078,41.875
23:05:2018 15:53:45:078,33.3125
23:05:2018 15:53:45:094,33.3125
23:05:2018 15:53:45:094,78.5
23:05:2018 15:53:45:110,78.5
23:05:2018 15:53:45:110,192.9375
23:05:2018 15:53:45:126,192.9375
23:05:2018 15:53:45:126,150.6875
23:05:2018 15:53:45:142,150.6875
23:05:2018 15:53:45:142,153.1875
23:05:2018 15:53:45:174,153.1875
23:05:2018 15:53:45:174,150.875
23:05:2018 15:53:45:190,150.875
23:05:2018 15:53:45:190,148.125
23:05:2018 15:53:45:206,148.125
23:05:2018 15:53:45:206,151.625
23:05:2018 15:53:45:223,151.625
23:05:2018 15:53:45:223,152.0625
23:05:2018 15:53:45:239,152.0625
23:05:2018 15:53:45:239,152.3125
23:05:2018 15:53:45:255,152.3125
23:05:2018 15:53:45:255,151.6875
23:05:2018 15:53:45:271,151.6875
23:05:2018 15:53:45:271,150.0625
23:05:2018 15:53:45:287,150.0625
23:05:2018 15:53:45:287,149.625
23:05:2018 15:53:45:303,149.625
23:05:2018 15:53:45:303,151.5
23:05:2018 15:53:45:319,151.5
23:05:2018 15:53:45:319,151.1875
23:05:2018 15:53:45:335,151.1875
23:05:2018 15:53:45:335,151.5
23:05:2018 15:53:45:352,151.5
23:05:2018 15:53:45:352,150.75
23:05:2018 15:53:45:368,150.75
23:05:2018 15:53:45:368,151.0625
23:05:2018 15:53:45:384,151.0625
23:05:2018 15:53:45:384,152.3125
23:05:2018 15:53:45:400,152.3125
23:05:2018 15:53:45:400,155
23:05:2018 15:53:45:416,155
23:05:2018 15:53:45:416,153.9375
23:05:2018 15:53:45:432,153.9375
23:05:2018 15:53:45:432,153.5625
23:05:2018 15:53:45:448,153.5625
23:05:2018 15:53:45:448,152.8125
23:05:2018 15:53:45:464,152.8125
23:05:2018 15:53:45:464,154
23:05:2018 15:53:45:480,154
23:05:2018 15:53:45:480,154.4375
23:05:2018 15:53:45:496,154.4375
23:05:2018 15:53:45:496,153.8125
23:05:2018 15:53:45:512,153.8125
23:05:2018 15:53:45:512,153.5625
23:05:2018 15:53:45:528,153.5625
23:05:2018 15:53:45:528,152.5625
23:05:2018 15:53:45:544,152.5625
23:05:2018 15:53:45:544,154.75
23:05:2018 15:53:45:561,154.75
23:05:2018 15:53:45:561,154.875
23:05:2018 15:53:45:577,154.875
23:05:2018 15:53:45:577,154.625
23:05:2018 15:53:45:593,154.625
23:05:2018 15:53:45:593,153.75
23:05:2018 15:53:45:609,153.75
23:05:2018 15:53:45:609,0
23:05:2018 15:53:45:625,0
23:05:2018 15:53:45:625,84.75
23:05:2018 15:53:45:641,84.75
23:05:2018 15:53:45:641,71.0625
23:05:2018 15:53:45:657,71.0625
23:05:2018 15:53:45:657,60.5625
23:05:2018 15:53:45:673,60.5625
23:05:2018 15:53:45:673,53.375
23:05:2018 15:53:45:689,53.375
23:05:2018 15:53:45:689,46
23:05:2018 15:53:45:705,46
23:05:2018 15:53:45:705,36.125
23:05:2018 15:53:45:721,36.125
23:05:2018 15:53:45:721,30.125
23:05:2018 15:53:45:737,30.125
23:05:2018 15:53:45:737,23.9375
23:05:2018 15:53:45:753,23.9375
23:05:2018 15:53:45:753,18.1875
23:05:2018 15:53:45:769,18.1875
23:05:2018 15:53:45:769,14.625
23:05:2018 15:53:45:785,14.625
23:05:2018 15:53:45:785,12.5
23:05:2018 15:53:45:801,12.5
23:05:2018 15:53:45:801,7.625
23:05:2018 15:53:45:817,7.625
23:05:2018 15:53:45:817,0
23:05:2018 15:53:45:867,0
23:05:2018 15:53:45:917,0
23:05:2018 15:53:45:967,0
23:05:2018 15:53:46:017,0
23:05:2018 15:53:46:067,0
23:05:2018 15:53:46:117,0
23:05:2018 15:53:46:167,0
23:05:2018 15:53:46:217,0
23:05:2018 15:53:46:267,0
23:05:2018 15:53:46:317,0
23:05:2018 15:53:46:367,0
23:05:2018 15:53:46:417,0
23:05:2018 15:53:46:467,0
23:05:2018 15:53:46:517,0
23:05:2018 15:53:46:567,0
23:05:2018 15:53:46:617,0
23:05:2018 15:53:46:667,0
23:05:2018 15:53:46:717,0
23:05:2018 15:53:46:767,0
23:05:2018 15:53:46:817,0
23:05:2018 15:53:46:867,0
23:05:2018 15:53:46:917,0
23:05:2018 15:53:46:967,0
23:05:2018 15:53:47:017,0
23:05:2018 15:53:47:067,0
23:05:2018 15:53:47:117,0
23:05:2018 15:53:47:167,0
23:05:2018 15:53:47:217,0
23:05:2018 15:53:47:267,0
23:05:2018 15:53:47:317,0
23:05:2018 15:53:47:367,0
23:05:2018 15:53:47:417,0
23:05:2018 15:53:47:467,0
23:05:2018 15:53:47:517,0
23:05:2018 15:53:47:567,0
23:05:2018 15:53:47:617,0
23:05:2018 15:53:47:667,0
23:05:2018 15:53:47:717,0
23:05:2018 15:53:47:767,0
23:05:2018 15:53:47:817,0
23:05:2018 15:53:47:867,0
23:05:2018 15:53:47:917,0
23:05:2018 15:53:47:967,0
23:05:2018 15:53:48:017,0
23:05:2018 15:53:48:067,0
23:05:2018 15:53:48:117,0
23:05:2018 15:53:48:167,0
23:05:2018 15:53:48:217,0
23:05:2018 15:53:48:267,0
23:05:2018 15:53:48:317,0
23:05:2018 15:53:48:367,0
23:05:2018 15:53:48:417,0
23:05:2018 15:53:48:467,0
23:05:2018 15:53:48:517,0
23:05:2018 15:53:48:567,0
23:05:2018 15:53:48:617,0
23:05:2018 15:53:48:667,0
23:05:2018 15:53:48:717,0
23:05:2018 15:53:48:767,0
23:05:2018 15:53:48:817,0
23:05:2018 15:53:48:867,0
23:05:2018 15:53:48:917,0
23:05:2018 15:53:48:967,0
23:05:2018 15:53:49:017,0
23:05:2018 15:53:49:067,0
23:05:2018 15:53:49:117,0
23:05:2018 15:53:49:167,0
23:05:2018 15:53:49:217,0
23:05:2018 15:53:49:267,0
23:05:2018 15:53:49:317,0
23:05:2018 15:53:49:367,0
23:05:2018 15:53:49:417,0
23:05:2018 15:53:49:467,0
23:05:2018 15:53:49:517,0
23:05:2018 15:53:49:567,0
23:05:2018 15:53:49:617,0
23:05:2018 15:53:49:667,0
23:05:2018 15:53:49:717,0
23:05:2018 15:53:49:767,0
23:05:2018 15:53:49:817,0
23:05:2018 15:53:49:867,0
23:05:2018 15:53:49:917,0
23:05:2018 15:53:49:967,0
23:05:2018 15:53:50:017,0
23:05:2018 15:53:50:067,0
23:05:2018 15:53:50:117,0
23:05:2018 15:53:50:167,0
23:05:2018 15:53:50:217,0
